{
    "ig_attr_node": [
        1.0,
        0.027747670213119552,
        0.23793932676331264,
        0.14820163142025883,
        0.07330091513543198,
        0.03189924976250145,
        0.8002425051317489
    ],
    "ig_attr_node_index": [
        10,
        306,
        476,
        1140,
        1800,
        1986,
        2545
    ],
    "ig_attr_edge": [
        0.15265461184781196,
        0.4164847370057758,
        0.0005823412927428564,
        0.6468661662695903,
        0.07233943473267306,
        0.0035829854429111677,
        0.003439724290213493,
        1.0
    ],
    "ig_attr_edge_index": [
        30,
        31,
        1228,
        1954,
        4458,
        7300,
        8146,
        10223
    ],
    "combine_ig_attr_node": [
        1.0,
        0.014447461061085323,
        0.18657867825041768,
        0.07082680338334464,
        0.03505840185239631,
        0.016690789461775667,
        0.6656061941679524
    ],
    "combine_ig_attr_node_index": [
        10,
        306,
        476,
        1140,
        1800,
        1986,
        2545
    ],
    "combine_ig_attr_edge": [
        0.1936934471125393,
        0.5074316165058455,
        0.0011811174568993619,
        0.7905704732305177,
        0.10470371157198416,
        0.008559715536089542,
        0.012582015470181151,
        1.0
    ],
    "combine_ig_attr_edge_index": [
        30,
        31,
        1228,
        1954,
        4458,
        7300,
        8146,
        10223
    ]
}