{
    "combine_ig_attr_node": [
        1.0,
        0.024147313703514816,
        0.2585671070169439,
        0.14507211073880158,
        0.05973389280274623,
        0.017467592888340128,
        0.7279039819645055
    ],
    "combine_ig_attr_node_index": [
        10,
        306,
        476,
        1140,
        1800,
        1986,
        2545
    ],
    "combine_ig_attr_edge": [
        0.1852484932156175,
        0.5557455108006467,
        0.0026753496979271194,
        0.5892068784494314,
        0.14699619753935428,
        0.023164499550772214,
        0.0029977703850160727,
        0.82802422768908,
        1.0,
        0.088153370162921,
        0.20112827695398064
    ],
    "combine_ig_attr_edge_index": [
        30,
        31,
        1269,
        1954,
        4458,
        7300,
        8146,
        10223,
        10566,
        11032,
        13101
    ]
}