{
    "ig_attr_node": [
        1.0,
        0.024544341849359906,
        0.23965225701990614,
        0.13837761321909614,
        0.07211727688290702,
        0.022099860907393604,
        0.7642669072357708
    ],
    "ig_attr_node_index": [
        10,
        306,
        476,
        1140,
        1800,
        1986,
        2545
    ],
    "ig_attr_edge": [
        0.14412300789847157,
        0.43236903992087167,
        0.0022485979726299507,
        0.5761472167357877,
        0.10236331362920914,
        0.011447409229202383,
        0.00435740767898288,
        0.937932089372241,
        1.0,
        0.05966391747357122,
        0.15646280607930824
    ],
    "ig_attr_edge_index": [
        30,
        31,
        1269,
        1954,
        4458,
        7300,
        8146,
        10223,
        10566,
        11032,
        13101
    ],
    "combine_ig_attr_node": [
        1.0,
        0.024544341114371974,
        0.23965226093499242,
        0.138377610482646,
        0.07211727942127384,
        0.022099860233819695,
        0.764266899122009
    ],
    "combine_ig_attr_node_index": [
        10,
        306,
        476,
        1140,
        1800,
        1986,
        2545
    ],
    "combine_ig_attr_edge": [
        0.13102856340662442,
        0.39308570829813155,
        0.0020442991314972635,
        0.5880456819648244,
        0.09306298969830831,
        0.010407342579419799,
        0.003961511190743253,
        0.9639906759948845,
        1.0,
        0.054243092294067485,
        0.1422472096379922
    ],
    "combine_ig_attr_edge_index": [
        30,
        31,
        1269,
        1954,
        4458,
        7300,
        8146,
        10223,
        10566,
        11032,
        13101
    ]
}